suffix,n,tau,W,X,Y,Z,vary_par_name,vary_par_critical_value,p_critical_value
_6,8,5,2.5,-1,3,0,W,2.177859897209261,0.585471982952832
_6,8,5,2.5,-1,3,0,X,-2.0479934570108473,0.6690199815241732
_6,8,5,2.5,-1,3,0,Y,3.579571547445192,0.5659146080306726
