suffix,n,tau,W,X,Y,Z,vary_par_name,vary_par_critical_value,p_critical_value
_7,8,4,2.0,-0.5,3,0,W,1.8419076491490514,0.36927495301248753
_7,8,4,2.0,-0.5,3,0,X,-0.6927352990598787,0.4023370384061244
_7,8,4,2.0,-0.5,3,0,Y,3.3536159498035274,0.35860350387189094
_7,8,4,2.0,-0.5,3,0,Z,0.11447015448376906,0.39386372123388613
