suffix,n,tau,W,X,Y,Z,alpha_0,alpha_1,alpha_hat,p_at_alpha_hat
_0,8,7,2,-1,3,0,0.7700479856885067,14.0,inf,0.8571428571428571
_1,8,6,2,-1,3,0,1.134839136417213,4.736102527122057,74.33103196934314,0.7171984803959038
_2,8,5,2,-1,3,0,1.6735319642775721,2.611502106023181,23.835460772155052,0.5744982109346405
_3,8,4,2,-1,3,0,2.611502106023181,1.6735319642775721,23.835460772155052,0.4255017890658625
_4,8,3,2,-1,3,0,4.736102527122057,1.134839136417213,74.33103196934314,0.2828015196004578
_5,8,2,2,-1,3,0,14.0,0.7700479856885067,inf,0.14285714285714285
